                  epoch,         train/box_loss,         train/seg_loss,         train/cls_loss,         train/dfl_loss,   metrics/precision(B),      metrics/recall(B),       metrics/mAP50(B),    metrics/mAP50-95(B),   metrics/precision(M),      metrics/recall(M),       metrics/mAP50(M),    metrics/mAP50-95(M),           val/box_loss,           val/seg_loss,           val/cls_loss,           val/dfl_loss,                 lr/pg0,                 lr/pg1,                 lr/pg2
                      1,                 1.2332,                 4.2976,                 2.8431,                 1.5009,                0.00333,                      1,                  0.995,                0.34376,                0.00333,                      1,                  0.995,                0.65823,                 1.5936,                 1.5478,                 3.4095,                 1.7731,                      0,                      0,                      0
                      2,                 0.6554,                  2.724,                 2.4926,                0.94755,                0.00333,                      1,                  0.995,                 0.3886,                0.00333,                      1,                  0.995,                0.67219,                 1.5144,                 1.4583,                 3.1868,                 1.6688,             1.9934e-05,             1.9934e-05,             1.9934e-05
                      3,                 1.1628,                 2.5137,                 2.7973,                 1.4377,                0.00333,                      1,                  0.995,                0.59686,                0.00333,                      1,                  0.995,                0.80102,                 1.1422,                 1.2687,                 2.9934,                 1.3838,             3.9736e-05,             3.9736e-05,             3.9736e-05
                      4,                0.60642,                 1.4629,                 2.7055,                0.92316,                0.00333,                      1,                  0.995,                0.76244,                0.00333,                      1,                  0.995,                0.83582,                0.56933,                 1.1001,                 2.8806,                 1.0617,             5.9406e-05,             5.9406e-05,             5.9406e-05
                      5,                0.47793,                 2.5841,                 2.4066,                 1.0175,                0.00333,                      1,                  0.995,                0.88738,                0.00333,                      1,                  0.995,                0.85963,                0.30789,                0.93738,                 2.7925,                0.91068,             7.8944e-05,             7.8944e-05,             7.8944e-05
                      6,                0.55857,                 1.3018,                 2.4655,                 1.0635,                0.00333,                      1,                  0.995,                0.93906,                0.00333,                      1,                  0.995,                0.87243,                0.19878,                0.81296,                 2.7725,                0.82646,              9.835e-05,              9.835e-05,              9.835e-05
                      7,                0.45325,                  1.157,                 1.9028,                0.94303,                0.00333,                      1,                  0.995,                0.93906,                0.00333,                      1,                  0.995,                0.89255,                0.16906,                0.70165,                 2.7535,                0.79349,             0.00011762,             0.00011762,             0.00011762
                      8,                0.37204,                0.86805,                  1.948,                 0.8592,                0.00333,                      1,                  0.995,                0.96703,                0.00333,                      1,                  0.995,                0.91629,                0.19746,                0.62838,                 2.7119,                0.77375,             0.00013677,             0.00013677,             0.00013677
                      9,                0.50089,                 1.2431,                 2.0308,                0.88091,                0.00333,                      1,                  0.995,                0.96703,                0.00333,                      1,                  0.995,                 0.9064,                0.26693,                 0.6558,                 2.6786,                0.78012,             0.00015578,             0.00015578,             0.00015578
                     10,                0.26825,                0.59593,                 1.4359,                0.83533,                0.00333,                      1,                  0.995,                0.97503,                0.00333,                      1,                  0.995,                0.87679,                0.34542,                0.83237,                 2.6206,                0.80489,             0.00017465,             0.00017465,             0.00017465
                     11,                0.56507,                0.82971,                 1.2831,                 0.9429,                0.00333,                      1,                  0.995,                0.97503,                0.00333,                      1,                  0.995,                0.81738,                 0.3542,                 1.1033,                 2.5301,                0.82083,              0.0001934,              0.0001934,              0.0001934
                     12,                 0.4026,                0.53151,                 1.0261,                0.84459,                0.00333,                      1,                  0.995,                0.94504,                0.00333,                      1,                  0.995,                0.82989,                0.38724,                 1.1629,                 2.4054,                0.82165,             0.00021201,             0.00021201,             0.00021201
                     13,                0.39862,                0.58987,                 1.0525,                0.85081,                0.00982,                      1,                  0.995,                0.97503,                0.00982,                      1,                  0.995,                 0.8955,                0.28324,                0.92319,                 2.3263,                   0.77,              0.0002305,              0.0002305,              0.0002305
                     14,                0.25791,                0.42134,                0.91083,                0.87494,                0.86097,                      1,                  0.995,                  0.995,                0.86097,                      1,                  0.995,                0.91529,                0.19285,                0.72729,                 2.2991,                0.74088,             0.00024885,             0.00024885,             0.00024885
                     15,                0.36189,                0.51898,                0.91548,                0.84671,                 0.8837,                      1,                  0.995,                  0.995,                 0.8837,                      1,                  0.995,                0.91329,                0.22127,                0.61254,                 2.3284,                0.74354,             0.00026706,             0.00026706,             0.00026706
                     16,                0.53109,                0.52848,                 1.0289,                0.90796,                0.89477,                      1,                  0.995,                  0.995,                0.89477,                      1,                  0.995,                0.93124,                0.27651,                0.57508,                 2.4047,                0.75834,             0.00028515,             0.00028515,             0.00028515
                     17,                0.36321,                0.47769,                0.96721,                0.84194,                0.91372,                      1,                  0.995,                  0.995,                0.91372,                      1,                  0.995,                0.91567,                0.31527,                0.56454,                 2.4444,                0.76734,              0.0003031,              0.0003031,              0.0003031
                     18,                0.40174,                0.43726,                0.89676,                0.80599,                0.91372,                      1,                  0.995,                  0.995,                0.91372,                      1,                  0.995,                0.91567,                0.31527,                0.56454,                 2.4444,                0.76734,             0.00032093,             0.00032093,             0.00032093
                     19,                0.62757,                0.42218,                0.85785,                0.95004,                 0.9145,                      1,                  0.995,                  0.995,                 0.9145,                      1,                  0.995,                0.94704,                0.26349,                 0.5361,                 2.4017,                0.75612,             0.00033862,             0.00033862,             0.00033862
                     20,                0.36615,                0.33488,                0.87601,                0.81702,                 0.9145,                      1,                  0.995,                  0.995,                 0.9145,                      1,                  0.995,                0.94704,                0.26349,                 0.5361,                 2.4017,                0.75612,             0.00035617,             0.00035617,             0.00035617
                     21,                0.51089,                0.44587,                0.99797,                0.85697,                0.98488,                      1,                  0.995,                0.90528,                0.98488,                      1,                  0.995,                0.93549,                0.28901,                0.48727,                 2.2693,                0.75702,              0.0003736,              0.0003736,              0.0003736
                     22,                0.48779,                0.43436,                0.84653,                0.85005,                0.98488,                      1,                  0.995,                0.90528,                0.98488,                      1,                  0.995,                0.93549,                0.28901,                0.48727,                 2.2693,                0.75702,             0.00039089,             0.00039089,             0.00039089
                     23,                0.34186,                0.45832,                0.79563,                0.82846,                0.95586,                      1,                  0.995,                  0.995,                0.95586,                      1,                  0.995,                0.97503,                0.29782,                0.41999,                  2.098,                0.76578,             0.00040806,             0.00040806,             0.00040806
                     24,                0.48472,                0.39106,                 1.0927,                0.85689,                0.95586,                      1,                  0.995,                  0.995,                0.95586,                      1,                  0.995,                0.97503,                0.29782,                0.41999,                  2.098,                0.76578,             0.00042509,             0.00042509,             0.00042509
                     25,                0.37028,                0.40237,                0.80364,                0.83916,                0.94573,                      1,                  0.995,                0.91503,                0.94573,                      1,                  0.995,                  0.995,                0.43379,                0.34903,                 2.0762,                0.81548,             0.00044198,             0.00044198,             0.00044198
                     26,                0.49192,                0.45053,                0.84826,                0.88184,                0.94573,                      1,                  0.995,                0.91503,                0.94573,                      1,                  0.995,                  0.995,                0.43379,                0.34903,                 2.0762,                0.81548,             0.00045875,             0.00045875,             0.00045875
                     27,                0.51704,                0.36846,                0.82262,                 1.0459,                0.93079,                      1,                  0.995,                 0.8955,                0.93079,                      1,                  0.995,                  0.995,                0.43435,                 0.3452,                 2.1077,                0.83127,             0.00047538,             0.00047538,             0.00047538
                     28,                 0.4188,                0.39831,                0.77156,                0.97797,                0.93079,                      1,                  0.995,                 0.8955,                0.93079,                      1,                  0.995,                  0.995,                0.43435,                 0.3452,                 2.1077,                0.83127,             0.00049189,             0.00049189,             0.00049189
                     29,                0.44945,                0.43456,                0.82242,                0.83448,                0.92447,                      1,                  0.995,                 0.8955,                0.92447,                      1,                  0.995,                  0.995,                0.41175,                0.34381,                 2.1559,                0.80905,             0.00050826,             0.00050826,             0.00050826
                     30,                0.33533,                0.30477,                0.71297,                0.92937,                0.92447,                      1,                  0.995,                 0.8955,                0.92447,                      1,                  0.995,                  0.995,                0.41175,                0.34381,                 2.1559,                0.80905,             0.00052449,             0.00052449,             0.00052449
                     31,                 0.4291,                0.36164,                0.78923,                 0.8137,                0.93564,                      1,                  0.995,                0.96703,                0.93564,                      1,                  0.995,                  0.995,                 0.3081,                0.34148,                 2.0772,                0.77465,              0.0005406,              0.0005406,              0.0005406
                     32,                0.36436,                0.40577,                0.77223,                0.78882,                0.93564,                      1,                  0.995,                0.96703,                0.93564,                      1,                  0.995,                  0.995,                 0.3081,                0.34148,                 2.0772,                0.77465,             0.00055657,             0.00055657,             0.00055657
                     33,                0.49611,                0.45175,                0.78776,                0.88016,                0.95402,                      1,                  0.995,                  0.995,                0.95402,                      1,                  0.995,                  0.995,                0.22061,                0.36679,                 1.7812,                0.75674,             0.00057242,             0.00057242,             0.00057242
                     34,                0.41703,                 0.4237,                0.80748,                0.89436,                0.95402,                      1,                  0.995,                  0.995,                0.95402,                      1,                  0.995,                  0.995,                0.22061,                0.36679,                 1.7812,                0.75674,             0.00058813,             0.00058813,             0.00058813
                     35,                0.45542,                0.33514,                0.79193,                0.74318,                0.97659,                      1,                  0.995,                  0.995,                0.97659,                      1,                  0.995,                0.95504,                0.30665,                0.61364,                 1.6604,                0.77492,              0.0006037,              0.0006037,              0.0006037
                     36,                 0.5541,                0.74979,                 1.1514,                0.99379,                0.97659,                      1,                  0.995,                  0.995,                0.97659,                      1,                  0.995,                0.95504,                0.30665,                0.61364,                 1.6604,                0.77492,             0.00061915,             0.00061915,             0.00061915
                     37,                0.37563,                0.37887,                0.69985,                0.92978,                0.97339,                      1,                  0.995,                  0.995,                0.97339,                      1,                  0.995,                0.96703,                0.37894,                  0.644,                 1.7686,                0.83354,             0.00063446,             0.00063446,             0.00063446
                     38,                0.49945,                0.50644,                0.79654,                0.90709,                0.97339,                      1,                  0.995,                  0.995,                0.97339,                      1,                  0.995,                0.96703,                0.37894,                  0.644,                 1.7686,                0.83354,             0.00064965,             0.00064965,             0.00064965
                     39,                0.67054,                0.45568,                0.94565,                0.89589,                0.92231,                      1,                  0.995,                0.91503,                0.92231,                      1,                  0.995,                0.96703,                0.39815,                0.44784,                 2.0486,                0.83427,              0.0006647,              0.0006647,              0.0006647
                     40,                0.49697,                0.43402,                0.76673,                0.85337,                0.92231,                      1,                  0.995,                0.91503,                0.92231,                      1,                  0.995,                0.96703,                0.39815,                0.44784,                 2.0486,                0.83427,             0.00067961,             0.00067961,             0.00067961
                     41,                0.58628,                0.42852,                0.91991,                0.96645,                0.94261,                      1,                  0.995,                0.95913,                0.94261,                      1,                  0.995,                0.92504,                0.31438,                0.47579,                 2.2085,                0.78683,              0.0006944,              0.0006944,              0.0006944
                     42,                0.46081,                0.93262,                 0.8781,                0.95245,                0.94261,                      1,                  0.995,                0.95913,                0.94261,                      1,                  0.995,                0.92504,                0.31438,                0.47579,                 2.2085,                0.78683,             0.00070905,             0.00070905,             0.00070905
                     43,                0.47977,                0.39688,                 1.1466,                0.89237,                0.94714,                      1,                  0.995,                0.93387,                0.94714,                      1,                  0.995,                 0.8955,                0.32602,                0.61271,                  1.925,                0.77622,             0.00072358,             0.00072358,             0.00072358
                     44,                0.55677,                0.45062,                 1.1673,                0.88594,                0.94714,                      1,                  0.995,                0.93387,                0.94714,                      1,                  0.995,                 0.8955,                0.32602,                0.61271,                  1.925,                0.77622,             0.00073797,             0.00073797,             0.00073797
                     45,                0.67443,                0.53496,                 0.9622,                 1.1388,                0.98482,                      1,                  0.995,                0.89943,                0.98482,                      1,                  0.995,                  0.995,                 0.3037,                0.37736,                 1.4463,                0.77271,             0.00075222,             0.00075222,             0.00075222
                     46,                0.58296,                0.52716,                 0.9823,                0.78012,                0.98482,                      1,                  0.995,                0.89943,                0.98482,                      1,                  0.995,                  0.995,                 0.3037,                0.37736,                 1.4463,                0.77271,             0.00076635,             0.00076635,             0.00076635
                     47,                0.59108,                0.50765,                0.88993,                0.87561,                0.98628,                      1,                  0.995,                  0.995,                0.98628,                      1,                  0.995,                  0.995,                0.36521,                0.29804,                 1.6132,                0.80957,             0.00078034,             0.00078034,             0.00078034
                     48,                  0.566,                0.40861,                0.97754,                0.86712,                0.98628,                      1,                  0.995,                  0.995,                0.98628,                      1,                  0.995,                  0.995,                0.36521,                0.29804,                 1.6132,                0.80957,             0.00079421,             0.00079421,             0.00079421
                     49,                0.58485,                0.34504,                0.84967,                0.77258,                0.98057,                      1,                  0.995,                 0.8955,                0.98057,                      1,                  0.995,                  0.995,                 0.4764,                 0.3883,                 1.7783,                0.84364,             0.00080794,             0.00080794,             0.00080794
                     50,                0.49532,                0.52711,                0.86262,                0.84947,                0.98057,                      1,                  0.995,                 0.8955,                0.98057,                      1,                  0.995,                  0.995,                 0.4764,                 0.3883,                 1.7783,                0.84364,             0.00082153,             0.00082153,             0.00082153
                     51,                0.38385,                0.33774,                0.98018,                0.89593,                0.98294,                      1,                  0.995,                 0.8955,                0.98294,                      1,                  0.995,                0.97125,                0.58441,                0.47148,                 1.6224,                0.90669,               0.000835,               0.000835,               0.000835
                     52,                0.53388,                 0.4988,                0.94215,                 0.9178,                0.98294,                      1,                  0.995,                 0.8955,                0.98294,                      1,                  0.995,                0.97125,                0.58441,                0.47148,                 1.6224,                0.90669,             0.00084833,             0.00084833,             0.00084833
                     53,                0.56102,                0.52878,                 1.0679,                0.93741,                0.98294,                      1,                  0.995,                 0.8955,                0.98294,                      1,                  0.995,                0.97125,                0.58441,                0.47148,                 1.6224,                0.90669,             0.00086154,             0.00086154,             0.00086154
                     54,                0.52398,                0.40716,                  0.855,                0.90645,                0.98768,                      1,                  0.995,                 0.8955,                0.98768,                      1,                  0.995,                  0.995,                0.70236,                0.33899,                 1.4499,                0.96276,             0.00087461,             0.00087461,             0.00087461
                     55,                0.42658,                0.35324,                0.76344,                0.75758,                0.98768,                      1,                  0.995,                 0.8955,                0.98768,                      1,                  0.995,                  0.995,                0.70236,                0.33899,                 1.4499,                0.96276,             0.00088754,             0.00088754,             0.00088754
                     56,                0.60227,                0.31325,                 1.3296,                0.92674,                0.98768,                      1,                  0.995,                 0.8955,                0.98768,                      1,                  0.995,                  0.995,                0.70236,                0.33899,                 1.4499,                0.96276,             0.00090035,             0.00090035,             0.00090035
                     57,                0.64442,                0.45345,                  1.106,                  1.005,                0.98938,                      1,                  0.995,                 0.8955,                0.98938,                      1,                  0.995,                  0.995,                0.48354,                0.34965,                 1.3267,                 0.8699,             0.00091302,             0.00091302,             0.00091302
                     58,                0.97131,                0.59075,                 1.3929,                0.97123,                0.98938,                      1,                  0.995,                 0.8955,                0.98938,                      1,                  0.995,                  0.995,                0.48354,                0.34965,                 1.3267,                 0.8699,             0.00092557,             0.00092557,             0.00092557
                     59,                0.61636,                0.46308,                 1.0721,                0.91663,                0.98938,                      1,                  0.995,                 0.8955,                0.98938,                      1,                  0.995,                  0.995,                0.48354,                0.34965,                 1.3267,                 0.8699,             0.00093798,             0.00093798,             0.00093798
                     60,                0.58161,                0.46955,                 1.0159,                0.97448,                0.98882,                      1,                  0.995,                 0.8955,                0.98882,                      1,                  0.995,                  0.995,                0.37027,                0.34181,                 1.3796,                0.84562,             0.00095025,             0.00095025,             0.00095025
                     61,                0.75523,                0.60029,                 1.2925,                0.92827,                0.98882,                      1,                  0.995,                 0.8955,                0.98882,                      1,                  0.995,                  0.995,                0.37027,                0.34181,                 1.3796,                0.84562,              0.0009624,              0.0009624,              0.0009624
                     62,                0.64002,                0.58555,                0.98926,                0.89876,                0.98882,                      1,                  0.995,                 0.8955,                0.98882,                      1,                  0.995,                  0.995,                0.37027,                0.34181,                 1.3796,                0.84562,             0.00097441,             0.00097441,             0.00097441
                     63,                0.42512,                0.31202,                0.81278,                0.79483,                0.98994,                      1,                  0.995,                0.91134,                0.98994,                      1,                  0.995,                  0.995,                0.48699,                0.32528,                 1.4407,                0.90909,              0.0009863,              0.0009863,              0.0009863
                     64,                0.46341,                0.32863,                 1.0008,                0.81204,                0.98994,                      1,                  0.995,                0.91134,                0.98994,                      1,                  0.995,                  0.995,                0.48699,                0.32528,                 1.4407,                0.90909,             0.00099805,             0.00099805,             0.00099805
                     65,                 0.6739,                0.33998,                0.83231,                0.92662,                0.98994,                      1,                  0.995,                0.91134,                0.98994,                      1,                  0.995,                  0.995,                0.48699,                0.32528,                 1.4407,                0.90909,              0.0010097,              0.0010097,              0.0010097
                     66,                0.60632,                0.47159,                0.96414,                0.96518,                0.98912,                      1,                  0.995,                 0.8955,                0.98912,                      1,                  0.995,                  0.995,                0.46264,                0.31504,                 1.3732,                0.86885,              0.0010211,              0.0010211,              0.0010211
                     67,                0.68397,                0.95556,                0.95081,                0.94575,                0.98912,                      1,                  0.995,                 0.8955,                0.98912,                      1,                  0.995,                  0.995,                0.46264,                0.31504,                 1.3732,                0.86885,              0.0010325,              0.0010325,              0.0010325
                     68,                0.70456,                0.36964,                0.95804,                 1.0413,                0.98912,                      1,                  0.995,                 0.8955,                0.98912,                      1,                  0.995,                  0.995,                0.46264,                0.31504,                 1.3732,                0.86885,              0.0010437,              0.0010437,              0.0010437
                     69,                0.65055,                0.39506,                0.91732,                0.96799,                 0.9835,                      1,                  0.995,                  0.995,                 0.9835,                      1,                  0.995,                0.97103,                0.46392,                0.43023,                 1.3821,                0.87662,              0.0010548,              0.0010548,              0.0010548
                     70,                0.53147,                0.50057,                0.90985,                0.97116,                 0.9835,                      1,                  0.995,                  0.995,                 0.9835,                      1,                  0.995,                0.97103,                0.46392,                0.43023,                 1.3821,                0.87662,              0.0010658,              0.0010658,              0.0010658
                     71,                0.69811,                0.57499,                 1.0835,                0.87207,                 0.9835,                      1,                  0.995,                  0.995,                 0.9835,                      1,                  0.995,                0.97103,                0.46392,                0.43023,                 1.3821,                0.87662,              0.0010766,              0.0010766,              0.0010766
                     72,                0.53499,                 0.3336,                0.85759,                0.92026,                0.98754,                      1,                  0.995,                 0.8955,                0.98754,                      1,                  0.995,                0.95504,                0.53945,                0.47435,                 1.1658,                0.92661,              0.0010873,              0.0010873,              0.0010873
                     73,                0.55202,                0.33868,                 1.0168,                0.91634,                0.98754,                      1,                  0.995,                 0.8955,                0.98754,                      1,                  0.995,                0.95504,                0.53945,                0.47435,                 1.1658,                0.92661,              0.0010979,              0.0010979,              0.0010979
                     74,                0.62368,                0.35635,                0.79899,                0.88602,                0.98754,                      1,                  0.995,                 0.8955,                0.98754,                      1,                  0.995,                0.95504,                0.53945,                0.47435,                 1.1658,                0.92661,              0.0011083,              0.0011083,              0.0011083
                     75,                0.61423,                0.49544,                0.91612,                0.98873,                0.98896,                      1,                  0.995,                 0.8955,                0.98896,                      1,                  0.995,                0.95504,                0.57148,                 0.5762,                 1.0868,                0.93388,              0.0011186,              0.0011186,              0.0011186
                     76,                0.73667,                0.34429,                 1.0628,                 1.1134,                0.98896,                      1,                  0.995,                 0.8955,                0.98896,                      1,                  0.995,                0.95504,                0.57148,                 0.5762,                 1.0868,                0.93388,              0.0011287,              0.0011287,              0.0011287
                     77,                0.44712,                0.31091,                0.76804,                 0.8184,                0.98896,                      1,                  0.995,                 0.8955,                0.98896,                      1,                  0.995,                0.95504,                0.57148,                 0.5762,                 1.0868,                0.93388,              0.0011388,              0.0011388,              0.0011388
                     78,                0.74197,                0.30946,                0.88435,                 1.0103,                0.98043,                      1,                  0.995,                0.95504,                0.98043,                      1,                  0.995,                0.95504,                0.52531,                0.69692,                 1.6101,                0.91428,              0.0011487,              0.0011487,              0.0011487
                     79,                 0.3802,                0.63308,                0.91636,                0.97592,                0.98043,                      1,                  0.995,                0.95504,                0.98043,                      1,                  0.995,                0.95504,                0.52531,                0.69692,                 1.6101,                0.91428,              0.0011585,              0.0011585,              0.0011585
                     80,                0.49335,                0.47203,                 0.7442,                  0.885,                0.98043,                      1,                  0.995,                0.95504,                0.98043,                      1,                  0.995,                0.95504,                0.52531,                0.69692,                 1.6101,                0.91428,              0.0011681,              0.0011681,              0.0011681
                     81,                0.59616,                0.53542,                   0.86,                0.97483,                 0.4921,                      1,                0.78944,                0.66776,                 0.4921,                      1,                0.78944,                0.64801,                0.96263,                 1.5224,                 2.2716,                  1.079,              0.0011776,              0.0011776,              0.0011776
                     82,                0.55827,                0.67586,                0.95014,                 0.8738,                 0.4921,                      1,                0.78944,                0.66776,                 0.4921,                      1,                0.78944,                0.64801,                0.96263,                 1.5224,                 2.2716,                  1.079,               0.001187,               0.001187,               0.001187
                     83,                0.46764,                0.34633,                0.73032,                0.82281,                 0.4921,                      1,                0.78944,                0.66776,                 0.4921,                      1,                0.78944,                0.64801,                0.96263,                 1.5224,                 2.2716,                  1.079,              0.0011962,              0.0011962,              0.0011962
                     84,                0.50674,                 0.3721,                0.85613,                0.87923,                0.50333,                      1,                0.76643,                0.52331,                0.50333,                      1,                0.76643,                 0.5365,                0.84305,                 2.6688,                 2.3223,                0.99821,              0.0012053,              0.0012053,              0.0012053
                     85,                0.50676,                0.34407,                0.90504,                0.91885,                0.50333,                      1,                0.76643,                0.52331,                0.50333,                      1,                0.76643,                 0.5365,                0.84305,                 2.6688,                 2.3223,                0.99821,              0.0012143,              0.0012143,              0.0012143
                     86,                0.53623,                0.38834,                0.79076,                0.94114,                0.50333,                      1,                0.76643,                0.52331,                0.50333,                      1,                0.76643,                 0.5365,                0.84305,                 2.6688,                 2.3223,                0.99821,              0.0012232,              0.0012232,              0.0012232
                     87,                0.66538,                0.61465,                 1.0584,                0.91559,                0.50333,                      1,                0.76643,                0.52331,                0.50333,                      1,                0.76643,                 0.5365,                0.84305,                 2.6688,                 2.3223,                0.99821,              0.0012319,              0.0012319,              0.0012319
                     88,                0.50621,                0.43352,                0.86924,                0.81312,                0.96977,                      1,                  0.995,                 0.8955,                0.96977,                      1,                  0.995,                0.75604,                0.64032,                 1.5312,                 1.7834,                0.88104,              0.0012404,              0.0012404,              0.0012404
                     89,                 0.4753,                0.52299,                0.77977,                0.88182,                0.96977,                      1,                  0.995,                 0.8955,                0.96977,                      1,                  0.995,                0.75604,                0.64032,                 1.5312,                 1.7834,                0.88104,              0.0012489,              0.0012489,              0.0012489
                     90,                0.73122,                 2.0779,                 1.0781,                 1.0143,                0.96977,                      1,                  0.995,                 0.8955,                0.96977,                      1,                  0.995,                0.75604,                0.64032,                 1.5312,                 1.7834,                0.88104,              0.0012572,              0.0012572,              0.0012572
                     91,                0.54845,                0.39121,                0.79667,                0.93326,                0.96977,                      1,                  0.995,                 0.8955,                0.96977,                      1,                  0.995,                0.75604,                0.64032,                 1.5312,                 1.7834,                0.88104,              0.0012654,              0.0012654,              0.0012654
                     92,                0.54557,                0.38486,                0.74131,                0.90648,                0.98835,                      1,                  0.995,                0.85554,                0.98835,                      1,                  0.995,                0.85554,                 0.8438,                  1.218,                 1.5739,                0.98318,              0.0012735,              0.0012735,              0.0012735
                     93,                0.51616,                0.61531,                0.79785,                0.97135,                0.98835,                      1,                  0.995,                0.85554,                0.98835,                      1,                  0.995,                0.85554,                 0.8438,                  1.218,                 1.5739,                0.98318,              0.0012814,              0.0012814,              0.0012814
                     94,                0.63114,                0.42728,                 1.0598,                 1.0264,                0.98835,                      1,                  0.995,                0.85554,                0.98835,                      1,                  0.995,                0.85554,                 0.8438,                  1.218,                 1.5739,                0.98318,              0.0012892,              0.0012892,              0.0012892
                     95,                0.54046,                0.44201,                   0.79,                0.84162,                0.98835,                      1,                  0.995,                0.85554,                0.98835,                      1,                  0.995,                0.85554,                 0.8438,                  1.218,                 1.5739,                0.98318,              0.0012968,              0.0012968,              0.0012968
                     96,                 0.4445,                0.28738,                0.70451,                0.89216,                0.98848,                      1,                  0.995,                0.59708,                0.98848,                      1,                  0.995,                0.76803,                 1.6124,                 1.0263,                 1.4728,                 1.6031,              0.0013044,              0.0013044,              0.0013044
                     97,                0.67366,                0.50062,                0.71956,                0.83559,                0.98848,                      1,                  0.995,                0.59708,                0.98848,                      1,                  0.995,                0.76803,                 1.6124,                 1.0263,                 1.4728,                 1.6031,              0.0013117,              0.0013117,              0.0013117
                     98,                 0.3749,                0.36766,                0.63878,                0.83192,                0.98848,                      1,                  0.995,                0.59708,                0.98848,                      1,                  0.995,                0.76803,                 1.6124,                 1.0263,                 1.4728,                 1.6031,               0.001319,               0.001319,               0.001319
                     99,                0.67216,                0.52722,                0.81106,                 0.9216,                0.98848,                      1,                  0.995,                0.59708,                0.98848,                      1,                  0.995,                0.76803,                 1.6124,                 1.0263,                 1.4728,                 1.6031,              0.0013261,              0.0013261,              0.0013261
                    100,                0.96035,                 0.4878,                 1.2534,                0.92675,                0.95327,                      1,                  0.995,                0.31965,                0.95327,                      1,                  0.995,                0.60287,                 2.5423,                  4.581,                  1.988,                 2.4619,              0.0013331,              0.0013331,              0.0013331
                    101,                0.70472,                0.42424,                0.95657,                0.92285,                0.95327,                      1,                  0.995,                0.31965,                0.95327,                      1,                  0.995,                0.60287,                 2.5423,                  4.581,                  1.988,                 2.4619,                0.00134,                0.00134,                0.00134
                    102,                0.46399,                0.29078,                0.73443,                0.81956,                0.95327,                      1,                  0.995,                0.31965,                0.95327,                      1,                  0.995,                0.60287,                 2.5423,                  4.581,                  1.988,                 2.4619,              0.0013334,              0.0013334,              0.0013334
                    103,                0.57595,                0.31854,                0.90316,                0.95167,                0.95327,                      1,                  0.995,                0.31965,                0.95327,                      1,                  0.995,                0.60287,                 2.5423,                  4.581,                  1.988,                 2.4619,              0.0013268,              0.0013268,              0.0013268
                    104,                0.57014,                0.45712,                0.94647,                0.95054,                0.97492,                      1,                  0.995,                0.46376,                0.97492,                      1,                  0.995,                  0.796,                 1.7925,                  2.879,                 1.7379,                 1.9308,              0.0013202,              0.0013202,              0.0013202
                    105,                 0.5401,                0.72534,                0.95667,                0.89549,                0.97492,                      1,                  0.995,                0.46376,                0.97492,                      1,                  0.995,                  0.796,                 1.7925,                  2.879,                 1.7379,                 1.9308,              0.0013136,              0.0013136,              0.0013136
                    106,                 0.5438,                0.46973,                0.73613,                  0.824,                0.97492,                      1,                  0.995,                0.46376,                0.97492,                      1,                  0.995,                  0.796,                 1.7925,                  2.879,                 1.7379,                 1.9308,               0.001307,               0.001307,               0.001307
                    107,                0.53826,                0.53394,                 0.7499,                0.90143,                0.97492,                      1,                  0.995,                0.46376,                0.97492,                      1,                  0.995,                  0.796,                 1.7925,                  2.879,                 1.7379,                 1.9308,              0.0013004,              0.0013004,              0.0013004
                    108,                 0.6321,                0.68571,                0.89693,                  1.007,                0.93055,                      1,                  0.995,                0.61563,                0.93055,                      1,                  0.995,                  0.796,                 1.1004,                 2.2268,                 1.8137,                 1.1906,              0.0012938,              0.0012938,              0.0012938
                    109,                0.58169,                0.36034,                0.77133,                0.89516,                0.93055,                      1,                  0.995,                0.61563,                0.93055,                      1,                  0.995,                  0.796,                 1.1004,                 2.2268,                 1.8137,                 1.1906,              0.0012872,              0.0012872,              0.0012872
                    110,                 0.6025,                0.40183,                 1.0968,                 1.0024,                0.93055,                      1,                  0.995,                0.61563,                0.93055,                      1,                  0.995,                  0.796,                 1.1004,                 2.2268,                 1.8137,                 1.1906,              0.0012806,              0.0012806,              0.0012806
                    111,                0.54206,                0.52442,                0.84996,                0.87125,                0.93055,                      1,                  0.995,                0.61563,                0.93055,                      1,                  0.995,                  0.796,                 1.1004,                 2.2268,                 1.8137,                 1.1906,               0.001274,               0.001274,               0.001274
                    112,                0.57888,                0.38655,                0.83247,                0.95965,                 0.9007,                      1,                  0.995,                0.75243,                 0.9007,                      1,                  0.995,                0.75303,                0.94668,                 1.4794,                 2.1311,                 1.1553,              0.0012674,              0.0012674,              0.0012674
                    113,                0.41003,                0.34941,                0.66747,                0.85234,                 0.9007,                      1,                  0.995,                0.75243,                 0.9007,                      1,                  0.995,                0.75303,                0.94668,                 1.4794,                 2.1311,                 1.1553,              0.0012608,              0.0012608,              0.0012608
                    114,                0.71489,                0.66479,                0.98532,                 1.0187,                 0.9007,                      1,                  0.995,                0.75243,                 0.9007,                      1,                  0.995,                0.75303,                0.94668,                 1.4794,                 2.1311,                 1.1553,              0.0012542,              0.0012542,              0.0012542
                    115,                0.32863,                0.26048,                0.97614,                0.81332,                 0.9007,                      1,                  0.995,                0.75243,                 0.9007,                      1,                  0.995,                0.75303,                0.94668,                 1.4794,                 2.1311,                 1.1553,              0.0012476,              0.0012476,              0.0012476
                    116,                0.47533,                0.44563,                0.71649,                0.92309,                 0.8827,                      1,                  0.995,                0.85963,                 0.8827,                      1,                  0.995,                0.81184,                0.81577,                 1.1193,                  2.129,                 1.1086,               0.001241,               0.001241,               0.001241
                    117,                0.58504,                0.42579,                  0.762,                0.89303,                 0.8827,                      1,                  0.995,                0.85963,                 0.8827,                      1,                  0.995,                0.81184,                0.81577,                 1.1193,                  2.129,                 1.1086,              0.0012344,              0.0012344,              0.0012344
                    118,                 0.4917,                0.30884,                0.65879,                0.85476,                 0.8827,                      1,                  0.995,                0.85963,                 0.8827,                      1,                  0.995,                0.81184,                0.81577,                 1.1193,                  2.129,                 1.1086,              0.0012278,              0.0012278,              0.0012278
                    119,                0.71929,                0.40099,                 0.9297,                 1.0507,                 0.8827,                      1,                  0.995,                0.85963,                 0.8827,                      1,                  0.995,                0.81184,                0.81577,                 1.1193,                  2.129,                 1.1086,              0.0012212,              0.0012212,              0.0012212
                    120,                0.61437,                0.45534,                0.90449,                0.97075,                0.96589,                      1,                  0.995,                 0.8955,                0.96589,                      1,                  0.995,                 0.8955,                0.64281,                0.81096,                 1.5542,                   1.03,              0.0012146,              0.0012146,              0.0012146
                    121,                0.54272,                0.38967,                0.69254,                 1.0053,                0.96589,                      1,                  0.995,                 0.8955,                0.96589,                      1,                  0.995,                 0.8955,                0.64281,                0.81096,                 1.5542,                   1.03,               0.001208,               0.001208,               0.001208
                    122,                0.75537,                0.52488,                0.85054,                 1.0732,                0.96589,                      1,                  0.995,                 0.8955,                0.96589,                      1,                  0.995,                 0.8955,                0.64281,                0.81096,                 1.5542,                   1.03,              0.0012014,              0.0012014,              0.0012014
                    123,                0.43827,                0.30039,                0.68773,                0.85284,                0.96589,                      1,                  0.995,                 0.8955,                0.96589,                      1,                  0.995,                 0.8955,                0.64281,                0.81096,                 1.5542,                   1.03,              0.0011948,              0.0011948,              0.0011948
                    124,                0.49341,                0.34741,                0.68858,                0.89793,                      1,                0.97343,                  0.995,                0.66715,                      1,                0.97343,                  0.995,                 0.6419,                 1.4646,                 1.9406,                  2.146,                 1.5238,              0.0011882,              0.0011882,              0.0011882
                    125,                 0.4328,                 0.3162,                0.63854,                0.76873,                      1,                0.97343,                  0.995,                0.66715,                      1,                0.97343,                  0.995,                 0.6419,                 1.4646,                 1.9406,                  2.146,                 1.5238,              0.0011816,              0.0011816,              0.0011816
                    126,                0.48829,                0.31831,                0.75627,                0.95039,                      1,                0.97343,                  0.995,                0.66715,                      1,                0.97343,                  0.995,                 0.6419,                 1.4646,                 1.9406,                  2.146,                 1.5238,               0.001175,               0.001175,               0.001175
                    127,                0.50912,                0.39002,                0.76942,                0.91182,                      1,                0.97343,                  0.995,                0.66715,                      1,                0.97343,                  0.995,                 0.6419,                 1.4646,                 1.9406,                  2.146,                 1.5238,              0.0011684,              0.0011684,              0.0011684
                    128,                0.49886,                0.32586,                0.97708,                0.96228,                0.31638,                      1,                0.50269,                0.30314,                0.31638,                      1,                0.50269,                0.20912,                 1.9755,                 4.2034,                 2.9166,                 2.1519,              0.0011618,              0.0011618,              0.0011618
                    129,                0.52072,                0.35901,                 0.7237,                0.91195,                0.31638,                      1,                0.50269,                0.30314,                0.31638,                      1,                0.50269,                0.20912,                 1.9755,                 4.2034,                 2.9166,                 2.1519,              0.0011552,              0.0011552,              0.0011552
                    130,                0.55012,                0.34566,                0.72781,                0.83328,                0.31638,                      1,                0.50269,                0.30314,                0.31638,                      1,                0.50269,                0.20912,                 1.9755,                 4.2034,                 2.9166,                 2.1519,              0.0011486,              0.0011486,              0.0011486
                    131,                0.57115,                0.64656,                 0.6699,                0.92502,                0.31638,                      1,                0.50269,                0.30314,                0.31638,                      1,                0.50269,                0.20912,                 1.9755,                 4.2034,                 2.9166,                 2.1519,               0.001142,               0.001142,               0.001142
                    132,                0.54016,                0.36912,                0.65402,                0.93855,                0.43648,                      1,                 0.4975,                0.25268,                0.43648,                      1,                 0.4975,                0.17107,                 2.1728,                 4.4514,                 2.9381,                 2.3521,              0.0011354,              0.0011354,              0.0011354
                    133,                0.46523,                0.42799,                0.70598,                0.91261,                0.43648,                      1,                 0.4975,                0.25268,                0.43648,                      1,                 0.4975,                0.17107,                 2.1728,                 4.4514,                 2.9381,                 2.3521,              0.0011288,              0.0011288,              0.0011288
                    134,                0.46802,                0.37245,                0.70942,                 0.9149,                0.43648,                      1,                 0.4975,                0.25268,                0.43648,                      1,                 0.4975,                0.17107,                 2.1728,                 4.4514,                 2.9381,                 2.3521,              0.0011222,              0.0011222,              0.0011222
                    135,                0.50297,                0.35808,                0.81435,                0.90695,                0.43648,                      1,                 0.4975,                0.25268,                0.43648,                      1,                 0.4975,                0.17107,                 2.1728,                 4.4514,                 2.9381,                 2.3521,              0.0011156,              0.0011156,              0.0011156
                    136,                0.51792,                0.41773,                0.65629,                0.83512,                0.90422,                      1,                  0.995,                0.64205,                0.90422,                      1,                  0.995,                 0.4664,                 1.5363,                 4.5796,                 2.1323,                 1.7999,               0.001109,               0.001109,               0.001109
                    137,                0.62999,                0.39991,                0.86003,                0.92401,                0.90422,                      1,                  0.995,                0.64205,                0.90422,                      1,                  0.995,                 0.4664,                 1.5363,                 4.5796,                 2.1323,                 1.7999,              0.0011024,              0.0011024,              0.0011024
                    138,                0.41776,                0.31357,                0.87586,                0.77639,                0.90422,                      1,                  0.995,                0.64205,                0.90422,                      1,                  0.995,                 0.4664,                 1.5363,                 4.5796,                 2.1323,                 1.7999,              0.0010958,              0.0010958,              0.0010958
                    139,                0.44806,                0.41264,                0.64282,                0.91631,                0.90422,                      1,                  0.995,                0.64205,                0.90422,                      1,                  0.995,                 0.4664,                 1.5363,                 4.5796,                 2.1323,                 1.7999,              0.0010892,              0.0010892,              0.0010892
                    140,                0.40939,                0.27182,                0.84256,                0.87748,                0.96847,                      1,                  0.995,                 0.5271,                0.96847,                      1,                  0.995,                0.25224,                 1.9208,                 6.6727,                 1.5528,                 1.9826,              0.0010826,              0.0010826,              0.0010826
                    141,                0.43142,                0.29432,                0.59764,                0.84079,                0.96847,                      1,                  0.995,                 0.5271,                0.96847,                      1,                  0.995,                0.25224,                 1.9208,                 6.6727,                 1.5528,                 1.9826,               0.001076,               0.001076,               0.001076
                    142,                0.51378,                0.30304,                0.74125,                0.98972,                0.96847,                      1,                  0.995,                 0.5271,                0.96847,                      1,                  0.995,                0.25224,                 1.9208,                 6.6727,                 1.5528,                 1.9826,              0.0010694,              0.0010694,              0.0010694
                    143,                0.43898,                0.31194,                0.67799,                0.86616,                0.96847,                      1,                  0.995,                 0.5271,                0.96847,                      1,                  0.995,                0.25224,                 1.9208,                 6.6727,                 1.5528,                 1.9826,              0.0010628,              0.0010628,              0.0010628
                    144,                0.49891,                0.50799,                0.68258,                 0.8692,                0.98244,                      1,                  0.995,                0.46174,                0.98244,                      1,                  0.995,                0.32244,                 1.8311,                 6.4016,                 2.1011,                 2.2308,              0.0010562,              0.0010562,              0.0010562
                    145,                0.41531,                0.27555,                0.65631,                0.90309,                0.98244,                      1,                  0.995,                0.46174,                0.98244,                      1,                  0.995,                0.32244,                 1.8311,                 6.4016,                 2.1011,                 2.2308,              0.0010496,              0.0010496,              0.0010496
                    146,                0.44063,                0.36339,                0.80937,                0.84322,                0.98244,                      1,                  0.995,                0.46174,                0.98244,                      1,                  0.995,                0.32244,                 1.8311,                 6.4016,                 2.1011,                 2.2308,               0.001043,               0.001043,               0.001043
                    147,                0.32108,                0.46634,                 0.5711,                0.86429,                0.98244,                      1,                  0.995,                0.46174,                0.98244,                      1,                  0.995,                0.32244,                 1.8311,                 6.4016,                 2.1011,                 2.2308,              0.0010364,              0.0010364,              0.0010364
                    148,                0.52069,                0.43517,                0.74641,                0.91622,                0.98941,                      1,                  0.995,                0.75571,                0.98941,                      1,                  0.995,                0.52077,                0.88963,                 2.0571,                 1.5684,                 1.1283,              0.0010298,              0.0010298,              0.0010298
